School ID,School,Total,White,AfricanAmerican,API,NativeAmericanAlaskan,Hispanic,MR,Asian,HPR,NA
400009.00,Globel Citizenship,296.00,31,19,0,1,239,3,0,0,3
400010.00,ACE Tech Chtr HS,482.00,12,334,0,11,114,10,0,0,1
400011.00,Locke A. Charter,588.00,3,576,0,0,6,3,0,0,0
400012.00,Amandla Elementay Chrtr,311.00,1,304,0,0,2,0,0,0,4
400013.00,ASPIRA Chrt - Early College,511.00,6,13,0,3,483,1,2,0,3
400015.00,ASPIRA Chrt - Ramirez,373.00,10,35,0,2,322,0,3,0,1
400017.00,ASPIRA Chrt - Haugan,578.00,9,24,1,4,518,7,14,0,1
400018.00,Austin Bus & Entrp HS,236.00,0,234,0,0,2,0,0,0,0
400019.00,Bronzeville LH Chrt,471.00,1,457,0,0,2,0,1,0,10
400020.00,Catalyst Chrt - Howland,498.00,0,495,0,0,3,0,0,0,0
400021.00,Catalyst Chtr -Circle Rock,529.00,0,470,0,1,2,2,0,1,53
400022.00,Chicago Arts HS,583.00,70,310,2,1,145,23,6,0,26
400023.00,CICS - Avalon/So Shore,422.00,2,418,0,0,2,0,0,0,0
400024.00,CICS- Basil,717.00,1,646,0,0,59,0,2,1,8
400025.00,CICS - Bucktown,672.00,19,96,0,4,545,6,1,0,1
400026.00,CICS - Loomis,587.00,0,533,0,0,9,1,1,0,43
400027.00,CICS - Irving Park,527.00,67,43,0,1,343,15,23,0,35
400028.00,CICS- Prairie,406.00,1,223,0,0,181,1,0,0,0
400029.00,CICS- Washington,448.00,0,435,0,0,4,0,0,0,9
400030.00,CICS - W. Belden,500.00,6,38,0,0,456,0,0,0,0
400031.00,CICS- Wrightwood,725.00,5,677,0,1,15,25,1,0,1
400032.00,CICS - Ellison,552.00,0,536,0,0,5,7,0,0,4
400033.00,CICS - Longwood,1412.00,1,"1,396",0,0,13,2,0,0,0
400034.00,CICS - Northtown,865.00,172,60,1,3,488,14,122,4,1
400035.00,Chgo Math/Sci Chtr,598.00,22,166,0,4,339,12,54,1,0
400036.00,Chicago Virtual Chtr,602.00,106,303,19,2,88,32,40,1,11
400038.00,Community Service West HS,160.00,0,153,0,0,5,2,0,0,0
400039.00,Erie Charter,414.00,8,80,0,0,315,8,3,0,0
400040.00,Frazier Prep Acad,441.00,1,403,0,0,5,0,0,0,32
400041.00,Galapagos Charter,365.00,1,346,0,0,12,0,0,0,6
400042.00,Ford Power House Chrt HS,360.00,1,342,0,0,12,0,0,0,5
400043.00,Hope Inst Learning Acad,379.00,13,308,0,2,29,4,4,0,19
400044.00,KIPP Ascend Charter,665.00,1,619,0,2,33,2,0,0,8
400045.00,Nkrumah Academy,244.00,0,240,0,0,1,1,0,0,2
400046.00,LEARN Chrt -  Butler,624.00,1,597,0,0,5,1,0,0,20
400047.00,LEARN Chrt - North Lawndale,441.00,0,431,0,0,8,0,0,0,2
400048.00,LEARN Chrt - EXCEL,342.00,0,329,0,1,8,0,0,0,4
400049.00,Legacy Charter,503.00,3,488,0,2,8,1,0,0,1
400050.00,Namaste Charter,465.00,42,21,0,1,382,2,6,1,10
400051.00,Noble St Chrt Hs -College Prep,615.00,17,76,0,4,511,2,5,0,0
400052.00,Nobel St Chrt HS - Comer,812.00,0,763,0,1,32,15,0,0,1
400053.00,Noble St Chrt HS - Golder,601.00,21,66,0,3,509,0,1,1,0
400054.00,Noble St Chrt HS - Prtizker,805.00,6,17,0,4,772,3,3,0,0
400055.00,Noble St Chrt HS - Rauner,629.00,8,57,0,6,546,8,4,0,0
400056.00,Noble St Chrt HS - Clark,626.00,7,414,0,2,188,12,3,0,0
400057.00,Nobel St ChrtHS - UIC College Prep,794.00,17,192,0,6,527,11,35,0,6
400058.00,North Lawndale Chrt -Christiana,454.00,0,443,0,0,7,1,0,1,2
400059.00,North Lawndale Chrt - Collins,419.00,0,412,0,0,5,0,0,0,2
400060.00,Passages Chrt,421.00,23,213,2,4,75,24,73,3,4
400061.00,Perspectives Chrt - Calumet HS,808.00,0,793,0,0,8,5,0,0,2
400062.00,Perspectives Chrt - Cal Tech HS,521.00,1,515,0,0,2,2,0,0,1
400064.00,Perspectives Chrt  - Joslin,366.00,10,243,0,0,100,4,5,1,3
400066.00,Perspectives Chrt - ITT Math/Science,559.00,6,522,1,0,14,10,1,0,5
400068.00,Plato Learning Acad,468.00,0,467,0,0,1,0,0,0,0
400069.00,Polaris Charter Acad,391.00,0,354,0,0,34,0,0,0,3
400070.00,Prologue Early College HS,228.00,5,191,0,0,28,2,0,0,2
400071.00,Providence-Englewood Chrt,455.00,0,411,0,0,9,2,0,0,33
400072.00,Shabazz Charter,300.00,0,264,0,0,2,2,0,0,32
400073.00,Shabazz Chrt - DuSable,333.00,1,325,0,0,4,0,0,0,3
400074.00,Shabazz Chrt - Sizmore,307.00,0,285,0,0,1,1,0,0,20
400075.00,U Of C Chrt - Donoghue,490.00,2,471,0,0,2,0,0,0,15
400076.00,U Of C Chrt - North Kenwood,331.00,5,316,0,0,3,2,0,0,5
400077.00,U Of C Chrt - Woodlawn,607.00,2,594,0,0,4,2,0,1,4
400078.00,U of C Chrt - Woodson,385.00,0,372,0,0,3,4,0,0,6
400079.00,UNO Chrt - SPC Zizumbo,638.00,8,1,0,3,577,0,2,0,47
400080.00,UNO Chrt - PFC Torres,635.00,4,7,0,1,607,1,0,0,15
400081.00,UNO Chrt - Las Casas,288.00,0,1,0,0,284,1,0,0,2
400082.00,UNO Chrt - Fuentes,562.00,3,1,0,1,540,3,4,0,10
400083.00,UNO Chrt - Paz Interm,445.00,2,46,0,1,384,0,0,0,12
400084.00,UNO Chrt - Tamayo,288.00,3,0,0,0,285,0,0,0,0
400085.00,UNO Charter - Major Garcia,636.00,6,2,0,4,618,0,2,1,3
400086.00,Urban Prep Chtr HS,496.00,0,424,0,0,2,4,0,0,66
400087.00,Yng Women Ldrshp Chrt,355.00,18,278,0,2,31,6,0,0,20
400089.00,UNO Charter - Marquez,576.00,0,5,0,1,544,0,0,0,26
400091.00,Chicago Adv Tech Acad HS,381.00,11,259,0,0,103,1,7,0,0
400092.00,CICS - Lloyd Bond,354.00,0,344,0,0,8,0,0,0,2
400093.00,Chicago Talent Dev HS,286.00,0,280,0,0,4,2,0,0,0
400094.00,EPIC Acad HS,487.00,3,295,0,2,177,7,0,0,3
400095.00,Garfield Park Prep Acad,154.00,0,150,0,0,3,1,0,0,0
400096.00,Rowe,484.00,14,74,0,2,382,6,2,0,4
400097.00,Noble St Chrt HS - Chgo Bulls College,1029.00,8,314,0,4,680,12,6,1,4
400098.00,Noble St Chrt HS- Muchin,862.00,24,271,1,4,485,3,48,0,26
400101.00,UNO Charter - Gage Park,574.00,1,2,0,1,566,0,0,0,4
400102.00,Urban Prep Acad - E Garfield HS,430.00,0,403,0,0,7,3,0,0,17
400104.00,Instituto Health Acad HS,532.00,14,23,0,1,489,0,1,0,4
400105.00,Urban Prep Acad - So Shore HS,405.00,0,392,0,0,7,2,0,0,4
400106.00,Noble St Chrt - Englewood HS,609.00,0,588,0,0,17,4,0,0,0
400107.00,LEARN Chrt - South Shore,344.00,1,283,0,1,31,2,0,0,26
400108.00,CICS - Hawkins,371.00,0,363,0,0,2,2,0,0,4
400109.00,Prologue Chrt - Johnston HS,251.00,0,246,0,0,4,1,0,0,0
400111.00,LEARN Chrt - Hunter Perkins,315.00,0,230,0,0,0,1,0,0,84
400112.00,UNO Charter - 51st Homan,574.00,4,1,0,4,557,0,0,0,8
400113.00,CICS - Chgo Quest North,298.00,18,192,0,0,74,5,5,0,4
400114.00,UNO Charter - St Marks,270.00,2,18,0,1,248,0,0,0,1
400115.00,Catalyst Chrt - Maria,557.00,5,252,0,4,255,1,0,0,40
400116.00,Montessori Englewood Chtr,92.00,0,85,0,0,4,2,0,0,1
400117.00,Noble St - Auburn-Grensham,257.00,0,247,0,0,8,1,1,0,0
400118.00,Noble St - Homan Square,228.00,3,192,0,0,28,2,0,0,3
400119.00,Legal Prep Acad Chtr,196.00,0,192,0,0,3,0,0,0,1
400120.00,UNO Chtr - Near West,555.00,8,30,0,0,509,2,0,0,6
400121.00,UNO Chtr - Northside,486.00,4,36,0,3,433,1,8,0,1
400146.00,ACT Charter,81.00,0,79,0,0,2,0,0,0,0
400147.00,Chicago Excel Acad,86.00,0,85,0,0,1,0,0,0,0
400148.00,IJLA Charter HS,168.00,3,3,0,2,160,0,0,0,0
609674.00,Chicago Voc HS,965.00,0,941,1,0,14,2,0,1,6
609676.00,Dunbar Voc HS,1328.00,1,"1,302",0,0,15,7,2,1,0
609678.00,Jones CPHS,883.00,248,208,1,4,286,30,86,2,18
609679.00,Prosser HS,1475.00,62,354,0,7,"1,037",6,8,1,0
609680.00,Payton CPHS,859.00,317,184,1,3,214,50,71,2,17
609682.00,Richards HS,477.00,4,145,0,3,324,0,0,0,1
609686.00,Youth Connect Chrt,4064.00,59,"2,987",3,6,962,30,10,2,5
609691.00,North-Grand HS,904.00,6,58,0,0,834,2,2,0,2
609692.00,Simeon HS,1529.00,1,"1,511",0,0,6,9,0,0,2
609693.00,Westinghouse HS,1116.00,21,711,0,3,323,13,45,0,0
609694.00,Hancock HS,963.00,35,10,0,4,903,4,6,1,0
609695.00,Amundsen HS,1434.00,139,146,2,5,923,13,188,2,16
609698.00,Bogan Tech HS,1409.00,33,727,0,9,631,6,2,1,0
609702.00,Crane Tech HS,387.00,2,371,0,2,9,2,0,0,1
609704.00,Farragut HS,1277.00,5,160,0,9,"1,099",1,1,0,2
609705.00,Fenger  HS,508.00,0,498,0,1,7,2,0,0,0
609707.00,Robeson HS,591.00,0,587,0,0,1,2,0,0,1
609708.00,Foreman HS,1572.00,58,267,0,4,"1,224",9,7,1,2
609709.00,Gage Park HS,835.00,8,377,0,2,443,3,2,0,0
609710.00,Harlan HS,1174.00,2,"1,152",0,1,6,7,0,0,6
609711.00,Harper HS,518.00,0,509,0,2,5,2,0,0,0
609712.00,Hirsch HS,389.00,0,387,0,0,2,0,0,0,0
609713.00,Hyde Park HS,1249.00,1,"1,235",0,0,8,2,0,1,2
609715.00,Kelly HS,2691.00,61,56,0,13,"2,213",3,341,1,3
609716.00,Kelvyn Park HS,1037.00,24,43,0,2,924,42,1,0,1
609718.00,Kennedy HS,1505.00,407,75,1,11,979,6,10,0,16
609719.00,Lake View HS,1545.00,206,166,2,14,962,28,158,5,4
609720.00,Lane Tech HS,4270.00,"1,279",363,2,18,"1,994",110,418,9,77
609722.00,Manley HS,476.00,0,466,0,0,9,1,0,0,0
609723.00,Marshall HS,677.00,0,663,0,0,7,6,0,0,1
609724.00,Mather HS,1710.00,381,238,2,9,629,31,412,7,1
609725.00,Morgan Park HS,1449.00,14,"1,398",0,0,22,13,0,2,0
609726.00,Brooks CPHS,745.00,8,636,0,4,89,8,0,0,0
609727.00,Phillips HS,647.00,0,627,0,1,12,2,3,1,1
609728.00,Roosevelt HS,1504.00,96,149,2,7,"1,114",6,98,1,31
609729.00,Schurz HS,2395.00,139,205,1,14,"1,948",14,26,4,44
609730.00,Senn HS,1045.00,83,306,0,5,472,31,139,5,4
609732.00,Steinmetz HS,1823.00,200,232,0,11,"1,328",9,36,2,5
609733.00,Sullivan HS,812.00,38,347,0,4,276,15,124,1,7
609734.00,Taft HS,3098.00,"1,492",72,4,13,"1,236",55,218,2,6
609735.00,Tilden HS,400.00,26,279,0,1,85,3,6,0,0
609736.00,Dyett HS,168.00,0,164,0,1,1,2,0,0,0
609737.00,Von Steuben HS,1654.00,334,231,0,13,839,28,206,3,0
609738.00,Lincoln Park HS,2233.00,615,574,0,9,693,80,241,3,18
609739.00,Washington G. HS,1562.00,99,101,0,16,"1,340",3,2,1,0
609740.00,Wells HS,611.00,10,267,0,5,322,6,1,0,0
609741.00,Hubbard HS,1639.00,52,103,0,5,"1,411",1,61,0,6
609744.00,Northside Lrn Ctr HS,289.00,47,92,1,1,134,2,12,0,0
609745.00,Southside Occp HS,202.00,8,155,0,0,37,1,0,1,0
609746.00,Kenwood HS,1839.00,24,"1,570",0,5,82,60,57,4,37
609748.00,York Alt HS,339.00,6,276,0,6,51,0,0,0,0
609749.00,Northside CPHS,1070.00,446,92,1,5,248,43,229,4,2
609750.00,Simpson HS,95.00,1,71,0,0,21,1,0,0,1
609751.00,King CPHS,879.00,9,809,0,1,37,8,13,0,2
609753.00,Chicago Agr Sci HS,629.00,194,255,0,2,149,25,3,1,0
609754.00,Chicago Mil Acad HS,466.00,7,348,0,1,93,17,0,0,0
609755.00,Young Magnet HS,2203.00,647,552,1,10,536,85,368,1,3
609756.00,Curie HS,3060.00,90,319,1,12,"2,533",9,95,1,0
609759.00,Clemente HS,891.00,19,247,0,3,616,5,1,0,0
609760.00,Carver Mil Acad HS,531.00,6,267,0,0,255,1,1,0,1
609761.00,Corliss HS,558.00,1,544,0,1,10,1,0,1,0
609762.00,Julian HS,1167.00,1,"1,156",0,1,4,3,0,0,2
609764.00,Juarez HS,1790.00,24,39,0,9,"1,675",5,26,1,11
609766.00,Vaughn Occp HS,209.00,34,68,0,0,100,0,7,0,0
609768.00,Hope CPHS,507.00,0,494,0,1,11,0,0,1,0
609769.00,Graham R. Trng CTR,116.00,4,62,0,0,46,1,3,0,0
609772.00,Addams,901.00,26,11,0,0,857,4,1,0,2
609773.00,Agassiz,455.00,135,105,0,1,162,17,10,2,23
609774.00,Alcott,490.00,329,41,0,0,65,31,23,1,0
609775.00,Altgeld,443.00,0,436,0,0,5,2,0,0,0
609777.00,Armour,359.00,22,11,0,0,313,1,12,0,0
609779.00,Armstrong G.,1412.00,116,400,3,14,606,34,234,2,3
609780.00,Ames Middle,480.00,7,28,0,3,440,1,0,0,1
609781.00,Attucks,275.00,0,273,0,0,1,0,0,0,1
609782.00,Audubon,592.00,330,19,0,0,179,36,10,2,16
609783.00,Jefferson N.,240.00,4,207,0,1,27,0,0,0,1
609786.00,Avalon Park,310.00,0,308,0,0,2,0,0,0,0
609788.00,Barnard,262.00,2,254,0,0,5,1,0,0,0
609789.00,Barry,804.00,15,6,0,2,763,9,9,0,0
609790.00,Barton,643.00,2,637,0,0,4,0,0,0,0
609791.00,Bass,336.00,0,331,0,0,3,2,0,0,0
609792.00,Bateman,1039.00,91,28,0,5,769,5,50,1,90
609793.00,Nicholson,469.00,0,466,0,0,1,1,0,1,0
609794.00,Edison,269.00,145,8,2,0,45,20,47,2,0
609795.00,Clark G. R.,278.00,5,174,0,3,94,1,0,1,0
609796.00,Beaubien,1165.00,427,19,1,5,484,55,165,4,5
609797.00,Beidler,434.00,0,421,0,1,12,0,0,0,0
609798.00,Belding,665.00,235,46,0,5,321,13,32,7,6
609799.00,Bell,986.00,583,24,1,6,228,76,60,2,6
609800.00,Bennett,468.00,1,460,0,0,2,5,0,0,0
609803.00,Blaine,960.00,558,53,0,3,249,52,34,7,4
609804.00,Boone,767.00,185,76,1,3,335,11,148,1,7
609805.00,Joplin,493.00,0,484,0,0,5,3,1,0,0
609806.00,Bradwell,788.00,0,779,0,1,6,1,0,0,1
609807.00,Hampton,645.00,3,310,0,7,316,6,0,0,3
609808.00,Haley,529.00,0,524,0,0,3,1,0,0,1
609809.00,Brentano,426.00,21,18,0,2,361,2,1,0,21
609810.00,Bridge,1030.00,533,9,0,2,442,19,25,0,0
609811.00,Bright,307.00,1,198,0,0,88,2,0,0,18
609812.00,Brown W.,214.00,0,203,0,2,6,0,0,1,2
609813.00,Brownell,299.00,0,296,0,1,2,0,0,0,0
609815.00,Bouchet,712.00,0,701,0,0,4,3,0,0,4
609817.00,Budlong,841.00,225,40,0,8,373,19,153,2,21
609818.00,Burbank,999.00,13,67,0,6,897,4,8,4,0
609819.00,Burke,272.00,0,265,0,0,2,0,0,0,5
609820.00,Burley,572.00,315,20,0,5,158,32,40,0,2
609821.00,Burnham,268.00,0,266,0,0,2,0,0,0,0
609826.00,Castellanos,545.00,0,6,0,0,538,1,0,0,0
609827.00,Burnside Magnet,771.00,0,749,0,1,12,9,0,0,0
609828.00,Burr,350.00,123,28,0,0,186,12,1,0,0
609829.00,Burroughs,503.00,16,4,0,0,482,0,1,0,0
609830.00,Brunson,622.00,2,578,0,0,27,2,0,0,13
609832.00,Byrne,664.00,286,5,0,2,366,5,0,0,0
609833.00,Caldwell,339.00,0,330,0,1,5,1,0,0,2
609834.00,Little Village,872.00,5,0,0,1,863,0,0,0,3
609835.00,Cameron,835.00,6,307,0,0,517,3,0,1,1
609836.00,Canty,799.00,424,10,0,3,308,26,27,1,0
609837.00,Carnegie,692.00,5,647,0,1,11,2,0,0,26
609839.00,Carroll,557.00,1,527,0,1,26,1,0,1,0
609842.00,Carson,1247.00,5,45,0,16,"1,179",2,0,0,0
609844.00,Carter,346.00,0,338,0,0,8,0,0,0,0
609845.00,Carver Elementary,527.00,1,519,0,0,5,1,0,0,1
609848.00,Aldridge,250.00,0,247,0,0,3,0,0,0,0
609849.00,Cassell,351.00,269,42,0,1,30,7,2,0,0
609850.00,Greeley,617.00,70,81,0,4,437,9,13,0,3
609851.00,Chalmers,364.00,0,361,0,0,3,0,0,0,0
609852.00,Chappell,493.00,75,24,0,3,303,16,69,0,3
609853.00,Chase,511.00,17,17,0,1,469,1,1,1,4
609854.00,Chopin,267.00,9,22,0,2,211,0,2,3,18
609855.00,Christopher,290.00,19,68,0,3,199,0,0,0,1
609856.00,Clay,617.00,74,57,0,3,464,15,4,0,0
609857.00,Cleveland,716.00,40,31,1,10,572,7,36,3,16
609859.00,Clinton,1125.00,180,130,0,17,330,7,446,11,4
609861.00,Clissold,553.00,169,339,0,1,34,5,5,0,0
609862.00,Coles,565.00,3,549,0,0,7,5,0,1,0
609863.00,Columbus,298.00,169,17,0,1,106,5,0,0,0
609864.00,Cook,459.00,0,455,0,0,2,2,0,0,0
609865.00,Jordan,667.00,13,262,0,3,365,15,6,1,2
609866.00,Coonley,716.00,377,11,0,4,215,41,29,2,37
609867.00,Cooper,703.00,5,8,0,4,668,1,3,0,14
609869.00,Copernicus,325.00,0,321,0,0,3,0,0,1,0
609870.00,Corkery,614.00,4,100,1,4,499,1,0,1,4
609871.00,Vick EC Ctr,322.00,146,63,0,0,107,6,0,0,0
609872.00,Perez,379.00,3,9,0,0,366,0,0,0,1
609873.00,Crown,279.00,0,266,0,0,13,0,0,0,0
609874.00,Dirksen,785.00,542,24,0,3,100,8,60,0,48
609875.00,Darwin,584.00,17,59,0,0,505,1,2,0,0
609876.00,Davis N.,980.00,15,13,0,0,946,2,2,2,0
609879.00,Dawes,1051.00,12,216,0,11,799,3,3,2,5
609880.00,Decatur Classical,280.00,109,20,1,1,52,28,68,0,1
609881.00,Delano,395.00,0,390,0,0,5,0,0,0,0
609883.00,Deneen,549.00,4,535,0,0,7,3,0,0,0
609884.00,Dever,844.00,406,18,0,3,368,13,34,1,1
609885.00,Dewey,334.00,0,320,0,0,10,3,0,0,1
609887.00,Dixon,631.00,0,623,0,0,4,3,1,0,0
609888.00,Dodge,433.00,0,429,0,0,4,0,0,0,0
609891.00,Doolittle,295.00,0,291,0,0,3,1,0,0,0
609893.00,Dore,640.00,229,18,0,1,376,3,6,2,5
609894.00,Drake,242.00,3,226,0,0,5,1,4,0,3
609895.00,Turner-Drew Magnet,363.00,0,348,0,1,11,3,0,0,0
609896.00,Drummond Magnet,353.00,124,19,0,0,163,26,19,0,2
609897.00,Earle,358.00,0,348,0,0,10,0,0,0,0
609898.00,Eberhart,1694.00,38,83,0,4,"1,564",5,0,0,0
609899.00,Ebinger,704.00,514,3,1,1,134,20,29,2,0
609900.00,Curtis,474.00,0,457,0,0,14,2,0,1,0
609901.00,Edgebrook,494.00,330,13,0,2,76,14,52,7,0
609902.00,Metcalfe,452.00,0,452,0,0,0,0,0,0,0
609903.00,Edwards,1506.00,54,7,0,12,"1,424",2,4,3,0
609904.00,Ellington,337.00,2,319,0,1,14,1,0,0,0
609906.00,Emmet,458.00,0,454,0,0,1,1,0,1,1
609907.00,Ericson Magnet,510.00,0,499,0,0,4,0,1,0,6
609908.00,Esmond,339.00,0,331,0,0,6,1,1,0,0
609909.00,Everett,312.00,12,5,0,0,282,4,5,0,4
609910.00,Falconer,1441.00,58,20,0,5,"1,328",4,13,4,9
609912.00,Farnsworth,597.00,258,13,0,1,253,10,59,0,3
609913.00,Goodlow Magnet,378.00,0,361,0,0,8,3,0,0,6
609916.00,Fermi,237.00,0,234,0,0,2,0,1,0,0
609917.00,Fernwood,322.00,0,320,0,0,1,1,0,0,0
609918.00,Field,384.00,8,139,0,0,196,6,35,0,0
609919.00,Fiske,220.00,0,217,0,0,1,1,0,1,0
609920.00,Kanoon Magnet,747.00,2,8,0,0,729,1,0,0,7
609921.00,Telpochcalli,266.00,3,6,0,0,254,2,0,0,1
609922.00,Belmont-Cragin,613.00,21,11,0,4,474,4,2,1,96
609924.00,Fort Dearborn,429.00,0,422,0,0,1,5,1,0,0
609925.00,Kellman,274.00,0,260,0,0,5,3,0,1,5
609926.00,Franklin Magnet,365.00,119,129,0,0,74,20,23,0,0
609927.00,Foster Park,401.00,2,394,0,0,4,1,0,0,0
609928.00,Fuller,270.00,0,262,0,0,1,2,0,0,5
609929.00,Fulton,471.00,5,289,0,1,176,0,0,0,0
609930.00,Funston,623.00,6,83,0,2,525,2,1,0,4
609932.00,Owens,328.00,0,322,0,0,6,0,0,0,0
609933.00,Gale,513.00,14,316,0,1,144,11,23,1,3
609935.00,Gallistel Magnet,1393.00,13,24,0,10,"1,344",2,0,0,0
609937.00,Garvy J.,772.00,466,6,0,2,206,16,69,1,6
609938.00,Gary,1194.00,4,2,0,6,"1,180",0,2,0,0
609939.00,Gillespie,638.00,1,620,0,0,15,2,0,0,0
609941.00,Randolph Magnet,538.00,2,520,0,0,14,1,0,1,0
609942.00,Goethe,799.00,78,25,0,15,653,18,2,0,8
609943.00,Gompers,246.00,0,245,0,0,1,0,0,0,0
609944.00,Grissom,326.00,79,17,0,3,225,2,0,0,0
609945.00,Goudy,787.00,58,155,2,5,256,6,302,1,2
609947.00,Graham A.,498.00,166,130,0,2,198,1,1,0,0
609949.00,Gray,1285.00,148,20,0,7,"1,064",13,30,0,3
609950.00,Ortiz De Dominguez,768.00,14,2,0,2,742,0,0,0,8
609951.00,Ariel,559.00,0,543,0,0,14,2,0,0,0
609952.00,Greene N.,622.00,36,13,0,1,556,1,15,0,0
609954.00,Gregory,330.00,0,324,0,0,3,1,0,0,2
609955.00,Gresham,341.00,0,337,0,1,2,1,0,0,0
609956.00,Grimes,476.00,76,4,0,0,387,3,4,0,2
609958.00,Gunsaulus Magnet,843.00,27,62,0,8,712,4,28,2,0
609959.00,Haines,691.00,2,72,0,0,9,5,593,10,0
609960.00,Hale,881.00,260,2,0,10,590,6,11,2,0
609961.00,Ninos Heroes,475.00,6,358,0,3,98,1,0,0,9
609963.00,Hamilton,371.00,175,45,0,1,112,19,16,3,0
609964.00,Hamline,637.00,7,55,0,0,568,4,3,0,0
609966.00,Hammond,469.00,1,41,0,0,425,2,0,0,0
609967.00,Finkl,540.00,12,39,0,0,480,2,1,0,6
609968.00,McAuliffe,733.00,13,39,0,1,674,1,0,0,5
609969.00,Harte,328.00,10,260,0,0,16,4,4,0,34
609971.00,Harvard,441.00,1,435,0,0,3,1,0,1,0
609972.00,Haugan,1268.00,73,48,0,7,"1,050",11,69,4,6
609973.00,Zapata,985.00,2,4,0,0,976,0,0,0,3
609974.00,Hawthorne Magnet,574.00,279,62,0,12,132,42,37,10,0
609975.00,Hay,582.00,2,535,0,0,39,6,0,0,0
609976.00,Hayt,967.00,112,168,0,9,468,13,193,4,0
609977.00,Woodlawn,244.00,0,238,0,0,4,1,0,0,1
609978.00,Smith W.,339.00,2,332,0,0,3,1,0,0,1
609979.00,Healy,1372.00,138,10,0,0,364,15,810,35,0
609981.00,Hearst,363.00,2,162,0,0,194,5,0,0,0
609983.00,Hedges,868.00,18,29,0,3,814,2,0,0,2
609985.00,Hefferan,251.00,0,245,0,2,2,0,1,0,1
609986.00,Henderson,356.00,0,352,0,0,2,1,0,0,1
609987.00,Hendricks,287.00,4,262,0,0,14,3,0,1,3
609988.00,Henry,653.00,22,24,0,6,525,6,21,4,45
609989.00,Herbert,355.00,0,326,0,0,12,7,2,0,8
609990.00,South Loop,815.00,220,377,0,1,73,37,79,24,4
609991.00,Herzl,502.00,2,483,0,0,13,3,0,0,1
609993.00,Lara,548.00,6,17,0,1,520,2,2,0,0
609994.00,Hibbard,1214.00,65,73,0,6,934,18,113,1,4
609995.00,Hitch,554.00,232,8,0,2,235,16,60,0,1
609996.00,Holden,592.00,56,40,0,2,396,12,86,0,0
609997.00,Holmes,288.00,0,284,0,0,3,1,0,0,0
610000.00,Howe,610.00,0,593,0,2,14,0,1,0,0
610002.00,Hoyne,271.00,0,260,0,0,9,2,0,0,0
610003.00,Cuffe,458.00,0,449,0,0,6,3,0,0,0
610004.00,Cullen,245.00,1,239,0,0,3,2,0,0,0
610005.00,Hughes C.,286.00,0,281,0,0,2,1,1,1,0
610006.00,Hurley,849.00,5,10,0,0,834,0,0,0,0
610009.00,Galileo Magnet,603.00,49,128,0,1,381,16,24,3,1
610010.00,Jahn,471.00,43,67,0,1,340,16,3,1,0
610011.00,Jamieson,832.00,250,52,2,6,274,33,214,0,1
610012.00,Jenner,317.00,0,312,0,0,4,0,1,0,0
610013.00,Pilsen,486.00,3,35,0,4,430,4,2,0,8
610015.00,Jungman,273.00,0,6,0,4,263,0,0,0,0
610016.00,Kellogg,266.00,33,207,0,1,10,15,0,0,0
610017.00,Saucedo Magnet,1258.00,5,17,0,11,"1,210",4,0,0,11
610018.00,Canter Middle,228.00,3,210,0,1,9,2,3,0,0
610019.00,Kershaw Magnet,260.00,0,254,0,0,6,0,0,0,0
610020.00,Key,306.00,1,292,0,3,9,1,0,0,0
610021.00,Casals,463.00,4,233,0,0,220,6,0,0,0
610022.00,Kilmer,803.00,41,197,0,4,469,18,71,0,3
610023.00,King EL,284.00,1,219,0,0,51,0,1,0,12
610024.00,Cardenas,657.00,2,5,0,0,648,0,0,0,2
610026.00,Kinzie,703.00,219,25,0,5,451,3,0,0,0
610027.00,Kipling,429.00,0,417,0,1,2,2,1,1,5
610028.00,Kohn,390.00,0,387,0,0,1,2,0,0,0
610029.00,Lozano Bilingual,311.00,12,17,0,1,281,0,0,0,0
610030.00,Kozminski,370.00,3,359,0,0,6,2,0,0,0
610031.00,Lafayette,470.00,11,160,0,2,287,8,2,0,0
610032.00,Green W.,256.00,0,250,0,0,4,1,1,0,0
610033.00,LaSalle Magnet,577.00,197,154,0,0,124,51,50,1,0
610034.00,Lawndale,478.00,0,472,0,0,5,1,0,0,0
610036.00,Lewis,569.00,7,466,0,0,92,3,0,0,1
610037.00,Libby,544.00,1,469,0,0,68,6,0,0,0
610038.00,Lincoln,781.00,502,95,0,7,66,59,52,0,0
610039.00,Linne,696.00,31,10,0,1,633,9,11,0,1
610040.00,Lloyd,1289.00,13,28,0,4,"1,231",3,3,0,7
610041.00,Locke J.,1323.00,143,26,0,15,"1,075",3,38,10,13
610043.00,Lovett,488.00,0,428,0,0,56,2,0,2,0
610044.00,Lowell,568.00,15,146,0,0,404,0,0,0,3
610045.00,Lawrence,398.00,0,389,0,0,5,3,0,0,1
610046.00,Lyon,1403.00,84,32,0,16,"1,234",9,23,1,4
610047.00,Madison,280.00,0,275,0,0,4,1,0,0,0
610048.00,Manierre,351.00,0,342,0,0,4,1,1,0,3
610051.00,Northwest Middle,692.00,15,20,0,4,649,1,3,0,0
610052.00,Mann,457.00,0,453,0,0,1,2,1,0,0
610053.00,Marquette,1332.00,14,528,0,4,736,3,0,0,47
610054.00,Marsh,850.00,9,41,0,4,791,2,0,1,2
610055.00,Faraday,184.00,0,181,0,0,1,0,0,0,2
610056.00,Mason,485.00,0,482,0,0,2,1,0,0,0
610057.00,Fairfield,592.00,2,230,0,7,350,3,0,0,0
610058.00,May,463.00,0,460,0,1,1,1,0,0,0
610059.00,Mayer Magnet,599.00,306,119,1,3,122,17,15,4,12
610060.00,Jackson A. Magnet,561.00,135,130,4,2,146,16,124,0,4
610061.00,Mayo,408.00,0,379,0,0,4,0,0,0,25
610062.00,McClellan,268.00,39,59,0,5,146,11,8,0,0
610063.00,McCormick,869.00,2,1,0,3,862,0,0,0,1
610065.00,Till,492.00,0,482,0,0,6,0,0,0,4
610066.00,McDade Classical,196.00,2,187,0,0,2,0,4,1,0
610067.00,McKay,845.00,2,720,0,4,113,3,0,2,1
610068.00,Hanson Park,1569.00,26,52,0,7,"1,477",3,0,0,4
610070.00,McPherson,704.00,65,29,0,7,548,9,45,0,1
610072.00,Morgan,236.00,0,229,0,0,5,0,0,1,1
610073.00,Mitchell,345.00,67,36,0,5,222,5,3,4,3
610074.00,Monroe,1115.00,19,29,0,1,"1,059",3,3,1,0
610075.00,Montefiore,27.00,0,20,0,0,7,0,0,0,0
610076.00,Moos,429.00,10,43,0,2,365,1,6,0,2
610077.00,Morrill,836.00,2,358,0,0,418,6,0,0,52
610078.00,Inter-American Magnet,683.00,80,9,0,1,573,8,9,0,3
610081.00,Sheridan Magnet,537.00,169,89,0,1,112,18,145,1,2
610082.00,Mt Greenwood,963.00,769,13,0,7,150,10,8,6,0
610083.00,Beard,160.00,57,11,0,1,70,5,13,0,3
610084.00,Keller,247.00,99,91,0,1,37,9,9,1,0
610085.00,Nr North SPED Ctr,90.00,3,61,0,0,25,1,0,0,0
610086.00,Mt Vernon,305.00,0,304,0,0,0,0,0,1,0
610087.00,Blair,147.00,32,32,0,1,78,0,3,1,0
610088.00,Mozart,791.00,10,42,0,0,727,1,0,1,10
610089.00,Murphy,602.00,71,15,0,2,487,12,13,1,1
610090.00,Murray Magnet,523.00,36,415,0,2,21,36,13,0,0
610091.00,Brown R.,289.00,0,285,0,0,3,0,0,0,1
610092.00,Nash,392.00,1,377,0,0,13,1,0,0,0
610093.00,Neil,313.00,0,305,0,0,6,0,0,0,2
610094.00,Nettelhorst,739.00,450,73,0,3,120,36,49,8,0
610095.00,Newberry Magnet,565.00,140,211,0,1,163,21,27,1,1
610096.00,Nightingale,1399.00,11,7,0,3,"1,378",0,0,0,0
610097.00,Nixon,1099.00,8,36,0,10,"1,038",3,2,1,1
610098.00,Nobel,848.00,2,128,0,6,704,4,0,0,4
610099.00,Norwood Park,338.00,227,1,0,3,86,14,6,0,1
610100.00,West Park,680.00,4,210,0,1,463,1,0,0,1
610101.00,Ogden,729.00,340,121,0,5,105,45,102,0,11
610102.00,Oglesby,442.00,0,440,0,0,2,0,0,0,0
610103.00,O'Keeffe,576.00,0,565,0,1,6,0,0,0,4
610104.00,Onahan,660.00,420,6,0,5,196,18,14,1,0
610105.00,Oriole Park,652.00,454,7,14,2,129,9,30,1,6
610106.00,Piccolo,513.00,2,315,0,1,192,2,0,1,0
610107.00,Otis,471.00,22,85,0,3,354,6,1,0,0
610108.00,O'Toole,434.00,1,415,0,0,16,0,1,1,0
610109.00,Owen Magnet,240.00,3,212,0,1,17,6,0,1,0
610110.00,Wells Prep,198.00,0,155,0,0,1,1,0,0,41
610111.00,Palmer,971.00,286,10,0,9,430,17,135,57,27
610112.00,Parker,836.00,1,809,0,2,21,2,0,0,1
610114.00,Parkman,231.00,0,208,0,3,20,0,0,0,0
610115.00,Park Manor,338.00,1,335,0,0,1,0,1,0,0
610116.00,Parkside,318.00,0,308,0,2,5,1,0,0,2
610117.00,Pasteur,1237.00,56,9,0,12,"1,134",9,13,2,2
610119.00,Peabody,266.00,2,59,0,1,201,2,0,0,1
610120.00,Peck,1564.00,39,7,0,9,"1,503",2,4,0,0
610121.00,Irving,451.00,14,293,0,1,126,6,10,0,1
610122.00,Peirce,1009.00,171,81,0,9,628,50,70,0,0
610123.00,Penn,370.00,0,307,0,0,63,0,0,0,0
610124.00,Washington H.,527.00,0,524,0,0,3,0,0,0,0
610125.00,Ruiz,931.00,12,1,0,4,904,2,0,0,8
610126.00,Pershing E. Magnet,249.00,1,230,0,0,13,1,2,0,2
610127.00,Peterson,855.00,221,45,1,7,295,28,253,3,2
610128.00,Garvey M.,315.00,1,306,0,0,6,2,0,0,0
610129.00,Pickard,641.00,7,13,0,1,613,4,0,0,3
610130.00,Pirie,375.00,1,369,0,0,5,0,0,0,0
610131.00,Plamondon,178.00,1,37,0,1,138,1,0,0,0
610132.00,Poe Classical,193.00,3,181,0,0,7,2,0,0,0
610133.00,Ward L.,398.00,4,382,0,0,11,1,0,0,0
610134.00,Pope,184.00,0,165,0,1,18,0,0,0,0
610135.00,Portage Park,1116.00,384,27,0,12,636,16,29,5,7
610136.00,Prescott,270.00,85,39,0,4,120,10,12,0,0
610137.00,Prussing,664.00,320,8,1,4,276,6,29,4,16
610138.00,Pulaski,900.00,88,17,0,4,767,8,9,1,6
610139.00,Pullman,257.00,0,192,0,0,60,1,0,0,4
610141.00,Ravenswood,475.00,160,51,0,0,208,18,13,2,23
610142.00,Ray,676.00,142,326,0,2,63,51,88,0,4
610143.00,Reavis,279.00,0,241,0,0,2,0,0,3,33
610144.00,Reilly,1177.00,60,18,0,12,"1,073",4,9,0,1
610145.00,Reinberg,854.00,224,8,0,4,573,14,30,0,1
610146.00,Revere,337.00,0,336,0,0,1,0,0,0,0
610147.00,Rogers,737.00,138,122,0,5,284,7,171,2,8
610148.00,Chavez,937.00,9,37,0,5,885,1,0,0,0
610150.00,Ross,344.00,1,341,0,0,2,0,0,0,0
610152.00,Ruggles,414.00,0,406,0,1,3,3,0,1,0
610153.00,Ryder,305.00,1,284,0,0,1,0,0,0,19
610154.00,Ryerson,399.00,0,388,0,1,10,0,0,0,0
610155.00,Sauganash,560.00,295,7,1,2,146,13,90,2,4
610156.00,Armstrong L.,98.00,0,95,0,0,3,0,0,0,0
610157.00,Sawyer,1887.00,22,13,0,4,"1,847",1,0,0,0
610158.00,Sayre,592.00,62,232,0,1,261,29,5,0,2
610159.00,Scammon,893.00,60,11,0,7,721,4,13,1,76
610160.00,Songhai,317.00,1,304,0,0,11,1,0,0,0
610161.00,Bontemps,314.00,0,313,0,0,1,0,0,0,0
610163.00,Stock,268.00,198,4,0,0,47,3,11,0,5
610165.00,Schubert,919.00,31,11,0,1,862,4,10,0,0
610167.00,Seward,854.00,10,4,0,1,838,0,1,0,0
610169.00,Sexton,359.00,0,354,0,0,4,1,0,0,0
610170.00,Columbia Explorers,1052.00,11,1,0,2,"1,034",3,1,0,0
610171.00,Mireles,834.00,9,411,0,3,402,2,2,1,4
610172.00,Sherman,440.00,0,430,0,0,7,1,0,0,2
610173.00,Sherwood,312.00,0,304,0,0,5,2,0,0,1
610174.00,Shields,1143.00,19,10,0,3,"1,109",1,0,1,0
610175.00,Shoesmith,345.00,3,329,0,0,9,1,2,0,1
610176.00,Shoop,529.00,0,526,0,1,2,0,0,0,0
610177.00,Skinner Classical,846.00,153,329,4,4,102,22,156,2,74
610178.00,Schmid,187.00,0,174,0,1,9,1,0,0,2
610179.00,Smyser,1013.00,386,10,0,5,566,8,34,4,0
610180.00,Smyth J.,473.00,4,440,0,0,17,1,3,1,7
610182.00,Solomon,364.00,157,12,0,2,53,13,126,1,0
610183.00,Spencer,838.00,1,827,0,0,5,1,0,0,4
610184.00,Spry,757.00,4,2,0,0,748,0,0,0,3
610185.00,Stevenson,1275.00,65,78,0,9,"1,115",3,3,1,1
610187.00,Stewart,256.00,6,125,0,1,109,1,13,1,0
610188.00,Dunne,299.00,0,298,0,0,1,0,0,0,0
610189.00,Stockton,475.00,40,250,0,2,148,10,17,3,5
610191.00,Stone Magnet,636.00,210,119,3,1,114,25,141,2,21
610192.00,Stowe,806.00,9,56,0,7,724,3,0,0,7
610193.00,Sullivan,521.00,5,382,0,0,123,6,0,1,4
610194.00,Sumner,375.00,0,361,0,0,5,0,1,0,8
610195.00,Sutherland,735.00,307,367,0,1,44,11,4,0,1
610196.00,Swift,735.00,109,249,0,9,239,22,104,3,0
610197.00,Talcott,558.00,41,43,0,1,447,13,5,0,8
610198.00,Taylor,604.00,7,59,0,6,532,0,0,0,0
610199.00,Colemon J.,272.00,0,258,0,0,14,0,0,0,0
610200.00,Thorp J. N.,417.00,4,332,0,1,79,0,0,0,1
610201.00,Thorp O. A. Magnet,832.00,252,95,1,10,334,36,69,3,32
610202.00,Tilton,303.00,0,300,0,0,2,0,0,0,1
610203.00,Tonti,979.00,7,34,0,4,930,3,1,0,0
610205.00,Trumbull,389.00,43,57,0,6,221,5,50,1,6
610206.00,Twain,1198.00,267,10,0,0,908,8,5,0,0
610207.00,Vanderpoel Magnet,306.00,1,302,0,0,3,0,0,0,0
610208.00,Lavizzo,403.00,0,398,0,0,4,1,0,0,0
610209.00,Volta,1006.00,84,35,0,6,640,2,238,0,1
610210.00,Von Humboldt,362.00,2,163,0,2,179,0,0,1,15
610212.00,Albany Park Middle,269.00,18,12,0,0,213,3,23,0,0
610213.00,Wadsworth,251.00,0,247,0,1,1,2,0,0,0
610215.00,Madero Middle,317.00,3,2,0,0,311,1,0,0,0
610216.00,Walsh,455.00,9,26,0,1,412,0,4,0,3
610217.00,Ward J.,507.00,21,107,1,3,57,6,304,0,8
610218.00,Warren,314.00,0,300,0,1,6,4,0,0,3
610219.00,Washington G.,829.00,71,14,0,9,727,3,3,0,2
610220.00,Waters,612.00,265,18,1,0,261,33,21,5,8
610221.00,Webster,338.00,0,293,0,0,2,0,0,0,43
610223.00,Wentworth,333.00,0,323,0,4,4,2,0,0,0
610224.00,West Pullman,301.00,0,296,0,0,3,0,0,0,2
610225.00,Whistler,324.00,1,321,0,1,1,0,0,0,0
610226.00,Sandoval,1208.00,21,15,0,3,"1,165",0,2,0,2
610227.00,Whitney,1080.00,6,5,0,2,"1,047",3,0,0,17
610228.00,Whittier,385.00,5,1,0,0,378,1,0,0,0
610229.00,Pritzker,676.00,169,232,0,1,216,31,23,2,2
610230.00,Wildwood Magnet,420.00,233,18,0,0,100,21,40,5,3
610231.00,Natl Teachers Acad,533.00,2,510,0,0,13,4,1,0,3
610232.00,Williams,256.00,1,251,0,0,3,1,0,0,0
610233.00,Yale,186.00,1,185,0,0,0,0,0,0,0
610234.00,Yates,732.00,15,102,0,3,604,1,2,4,1
610235.00,Young,1121.00,0,992,0,3,117,6,1,2,0
610237.00,Beethoven,389.00,2,371,0,0,5,1,0,0,10
610238.00,Bond,478.00,1,462,0,0,14,0,0,0,1
610239.00,Daley,754.00,4,104,0,0,646,0,0,0,0
610240.00,Henson,252.00,0,251,0,0,0,1,0,0,0
610241.00,Marconi,233.00,0,233,0,0,0,0,0,0,0
610242.00,Brennemann,320.00,12,231,0,3,52,9,6,2,5
610243.00,Calhoun North,314.00,0,312,0,0,1,1,0,0,0
610244.00,Clark Magnet HS,574.00,0,564,0,1,8,1,0,0,0
610245.00,Douglass HS,316.00,0,309,0,1,4,2,0,0,0
610246.00,Beasley Magnet,1455.00,2,"1,407",0,5,25,8,2,2,4
610248.00,Chicago Acad,601.00,149,36,0,2,385,11,17,1,0
610249.00,Talman,382.00,0,4,0,0,374,0,0,0,4
610250.00,Salazar Bilingual,438.00,11,72,0,2,343,2,8,0,0
610251.00,Cather,237.00,0,230,0,0,6,0,0,0,1
610252.00,Dett,202.00,1,199,0,0,2,0,0,0,0
610254.00,Dvorak,534.00,0,526,0,0,6,2,0,0,0
610256.00,Robinson,139.00,0,137,0,0,2,0,0,0,0
610257.00,Morton,355.00,0,339,0,1,15,0,0,0,0
610263.00,Dulles,528.00,1,518,0,0,4,1,0,1,3
610265.00,Banneker,337.00,0,332,0,0,4,1,0,0,0
610266.00,Dumas,331.00,0,328,0,0,0,0,0,0,3
610268.00,Ashe,394.00,0,392,0,0,2,0,0,0,0
610269.00,McCutcheon,373.00,15,179,3,1,78,13,74,0,10
610271.00,Jensen Magnet,349.00,0,334,0,0,2,0,0,0,13
610273.00,Paderewski,172.00,1,138,0,0,33,0,0,0,0
610274.00,Johnson,402.00,0,397,0,0,3,0,0,0,2
610276.00,Mollison,237.00,0,233,0,0,2,1,0,0,1
610277.00,Overton,431.00,1,396,0,0,5,0,0,0,29
610279.00,Tanner,443.00,2,434,0,0,2,2,0,0,3
610280.00,Buckingham,35.00,0,34,0,0,1,0,0,0,0
610281.00,Powell,532.00,1,521,0,0,7,2,1,0,0
610282.00,McNair,395.00,1,355,0,1,33,2,0,0,3
610284.00,New Field,597.00,35,144,0,6,358,6,46,1,1
610285.00,Woods,371.00,1,365,0,0,3,1,0,1,0
610287.00,Ashburn,461.00,2,385,0,0,63,10,1,0,0
610290.00,Mays,307.00,0,301,0,0,4,1,0,0,1
610291.00,Lee,876.00,24,10,0,5,836,0,0,0,1
610293.00,Melody,293.00,0,285,0,0,2,1,0,0,5
610295.00,Higgins,383.00,0,379,0,0,1,1,0,0,2
610297.00,Sch Of Leadership HS,411.00,1,405,0,0,3,2,0,0,0
610298.00,Lenart,319.00,61,188,1,2,13,10,38,2,4
610299.00,Hinton,281.00,2,253,0,0,7,0,0,0,19
610300.00,Westcott,413.00,0,409,0,0,3,1,0,0,0
610304.00,Phoenix Mil Acad HS,429.00,5,118,0,1,303,1,0,0,1
610305.00,Leland,170.00,0,167,0,0,3,0,0,0,0
610308.00,Rudolph Lrng Ctr,96.00,5,36,0,0,49,2,1,0,3
610312.00,McDowell,191.00,0,181,0,0,5,5,0,0,0
610313.00,De Diego,807.00,16,82,0,4,681,6,8,0,10
610315.00,White,137.00,0,129,0,0,1,0,0,0,7
610316.00,Earhart,247.00,0,243,0,0,0,4,0,0,0
610317.00,Brighton Park,646.00,9,6,0,3,622,4,2,0,0
610319.00,Evergreen Middle,400.00,16,11,0,0,367,3,2,1,0
610320.00,Roque De Duprey,92.00,3,27,0,0,62,0,0,0,0
610321.00,Marshall Middle,431.00,16,22,0,2,376,3,9,2,1
610323.00,New Millenium HS,538.00,3,433,0,1,98,2,0,0,1
610325.00,Logandale Middle,950.00,21,51,0,0,865,6,6,1,0
610329.00,Orozco,621.00,2,2,0,6,609,0,2,0,0
610334.00,Raby HS,524.00,0,505,0,0,17,0,0,1,1
610336.00,Williams Middle,127.00,0,126,0,0,1,0,0,0,0
610339.00,Stagg,535.00,0,515,0,1,5,2,2,0,10
610340.00,Chicago Acad HS,517.00,105,101,0,2,280,8,21,0,0
610342.00,Sabin Magnet,602.00,8,90,0,7,485,6,4,0,2
610345.00,Woodson South,370.00,0,360,0,0,9,0,0,0,1
610347.00,Claremont,507.00,1,480,0,0,23,0,0,3,0
610348.00,Goldblatt,236.00,0,230,0,0,5,1,0,0,0
610350.00,Black Magnet,476.00,0,469,0,0,3,2,0,0,2
610352.00,Durkin Park,585.00,37,73,0,6,462,4,0,0,3
610353.00,McKinley Park,839.00,10,13,0,2,799,2,13,0,0
610354.00,North River,373.00,8,6,0,3,339,3,9,1,4
610355.00,Courtenay,281.00,59,45,0,1,158,3,13,0,2
610357.00,Spry Comm Links HS,193.00,2,3,0,0,187,0,0,0,1
610362.00,Evers,379.00,1,378,0,0,0,0,0,0,0
610363.00,Disney Magnet,1620.00,387,602,0,18,369,62,177,2,3
610364.00,DuBois,174.00,2,161,0,0,7,3,0,1,0
610365.00,Bethune,377.00,0,373,0,1,0,3,0,0,0
610366.00,Wacker,243.00,0,243,0,0,0,0,0,0,0
610367.00,DePriest,549.00,2,516,0,1,23,4,2,1,0
610368.00,Hughes L.,417.00,2,407,0,0,7,1,0,0,0
610369.00,Jackson M.,302.00,0,298,0,0,3,1,0,0,0
610380.00,Williams Prep Med HS,304.00,0,284,0,0,11,2,2,0,5
610381.00,Bronzeville Mil HS,529.00,0,524,0,0,3,0,1,1,0
610383.00,Sch Of Social Justice HS,356.00,0,26,0,0,324,0,0,0,6
610384.00,Infinity HS,410.00,1,10,0,1,398,0,0,0,0
610385.00,Multicultural Arts HS,290.00,0,31,0,1,255,0,0,0,3
610386.00,Peace & Education Alt HS,114.00,0,30,0,1,83,0,0,0,0
610389.00,Orr Academy HS,676.00,3,587,0,1,74,11,0,0,0
610390.00,Rickover Naval HS,479.00,44,71,0,2,340,3,18,1,0
610391.00,Lindblom MSHS,1038.00,20,723,0,3,269,7,12,2,2
610392.00,World Language HS,371.00,2,36,0,1,319,1,0,0,12
610394.00,Uplift Community HS,411.00,9,346,0,0,37,9,10,0,0
610395.00,Pershing W. Magnet,240.00,2,227,0,1,4,4,0,0,2
610396.00,Tarkington,1073.00,4,221,0,9,825,11,1,0,2
610402.00,DeVry Advantage HS,187.00,21,70,0,0,81,2,13,0,0
610405.00,Suder Montessori,388.00,68,220,0,1,62,15,19,0,3
610499.00,Collins HS,433.00,0,425,0,0,5,2,0,0,1
610501.00,Austin Poly Tech HS,192.00,1,190,0,1,0,0,0,0,0
610502.00,Marine Math & Sci Mil HS,376.00,4,131,0,3,231,3,2,0,2
610503.00,Frazier International,224.00,1,220,0,0,3,0,0,0,0
610504.00,Thomas,205.00,6,2,0,2,189,3,3,0,0
610506.00,TEAM HS,397.00,0,392,0,1,4,0,0,0,0
610513.00,Air Force Acad HS,393.00,38,173,0,0,163,5,13,1,0
610515.00,Disney II Magnet,415.00,195,37,0,2,148,9,21,1,2
610518.00,VOISE HS,367.00,0,348,0,1,16,2,0,0,0
610520.00,LaSalle II Magnet,630.00,169,135,0,2,289,14,19,1,1
610521.00,Davis M. Magnet,291.00,0,279,0,0,8,1,1,0,2
610523.00,Edison Park,453.00,331,2,1,1,90,2,22,2,2
610524.00,Alcott HS,269.00,37,92,0,4,125,6,3,2,0
610529.00,Ogden HS,763.00,193,253,4,5,230,33,38,1,6
610530.00,South Shore,308.00,0,300,0,0,3,5,0,0,0
610532.00,Hernandez,990.00,10,26,0,4,948,1,0,0,1
610533.00,Prieto,1022.00,19,35,0,2,964,1,0,0,1
610534.00,Skinner North,301.00,117,45,1,1,33,14,66,1,23
610535.00,Mason HS,60.00,0,57,0,0,1,0,1,0,1
610539.00,Camras,985.00,74,11,0,11,872,5,10,0,2
610541.00,Lorca,901.00,36,17,0,5,816,6,7,1,13
610542.00,Wst Ridge,709.00,195,51,0,4,186,12,256,5,0
610543.00,Solorio HS,843.00,15,33,0,3,789,1,0,0,2
610544.00,Azuela,935.00,27,12,0,6,882,3,2,0,3
610547.00,South Shore Intl HS,450.00,0,431,0,0,15,2,0,1,1
610548.00,STEM Elementary,292.00,54,97,0,1,78,7,50,2,3
610549.00,Banner North Elem,5.00,0,5,0,0,0,0,0,0,0
610550.00,Banner North HS,24.00,0,11,0,1,10,1,1,0,0
610552.00,Milburn Alternative,48.00,0,45,0,0,1,0,2,0,0
610554.00,Summers Alternative,26.00,0,25,0,0,1,0,0,0,0
610555.00,Banner West HS,164.00,0,150,0,0,12,2,0,0,0
610556.00,Banner South HS,268.00,0,260,0,1,4,2,0,0,1
610557.00,Pathways to Education HS,202.00,6,48,0,0,145,1,1,1,0
610558.00,Goode STEM Acad,244.00,2,144,0,0,94,4,0,0,0
610559.00,Shields Middle,770.00,7,5,0,5,752,0,0,1,0
,,,,,,,,,,,
,,,,,,,,,,,
,,,,,,,,,,,
